{"General_model": {"name": "All", "acc": 0.85034375, "recall": 0.85034375, "precision": 0.7230844931640625, "f1": 0.7815677418469541}, "Male_model": {"name": "male", "m_acc": 0.8500375, "m_recall": 0.8500375, "m_precision": 0.72256375140625, "m_f1": 0.7811341677195732}, "Female_model": {"name": "Female", "f_acc": 0.85065, "f_recall": 0.85065, "f_precision": 0.7236054225, "f_f1": 0.7820013751925}, "women_f": 11948, "men_f": 148052, "min_f": 12076, "notmin_f": 147924}